E,m,a,i,l, ,I,D
S,u,b,j,e,c,t
F,r,o,m
I,m,p,o,r,t,a,n,c,e
b'1332',From: LinkedIn <jobs-listings@linkedin.com> Subject: ,LinkedIn <jobs-listings@linkedin.com>,1
b'1332',From: LinkedIn <jobs-listings@linkedin.com> Subject: ,LinkedIn <jobs-listings@linkedin.com>,1
b'1332',From: LinkedIn <jobs-listings@linkedin.com> Subject: ,LinkedIn <jobs-listings@linkedin.com>,1
b'1293',From: LinkedIn <notifications-noreply@linkedin.com> Subject: ,LinkedIn <notifications-noreply@linkedin.com>,1
b'1308',From: LinkedIn <notifications-noreply@linkedin.com> Subject: ,LinkedIn <notifications-noreply@linkedin.com>,1
b'1317',From: LinkedIn Jobbenachrichtigungen <jobalerts-noreply@linkedin.com> Subject: ,LinkedIn Jobbenachrichtigungen <jobalerts-noreply@linkedin.com>,1
b'1332',From: LinkedIn <jobs-listings@linkedin.com> Subject: ,LinkedIn <jobs-listings@linkedin.com>,1
b'1293',From: LinkedIn <notifications-noreply@linkedin.com> Subject: ,LinkedIn <notifications-noreply@linkedin.com>,1
b'1308',From: LinkedIn <notifications-noreply@linkedin.com> Subject: ,LinkedIn <notifications-noreply@linkedin.com>,1
b'1317',From: LinkedIn Jobbenachrichtigungen <jobalerts-noreply@linkedin.com> Subject: ,LinkedIn Jobbenachrichtigungen <jobalerts-noreply@linkedin.com>,1
b'1332',From: LinkedIn <jobs-listings@linkedin.com> Subject: ,LinkedIn <jobs-listings@linkedin.com>,1
